artist,blurb
Neon Echo,"Neon Echo blends glossy pop melodies with retro-futuristic synth textures, crafting songs that feel like driving through a city at night. Their sound swings between euphoric daytime anthems and brooding late-night electronica, making them one of the most versatile acts in their scene."
LoRoom,"LoRoom specializes in hazy, bedroom-produced lofi beats that fade into the background just enough to let you focus. Their music is built on warm vinyl crackle, slow tempos, and muted palettes — a reliable companion for late-night study sessions and quiet afternoons."
Voltline,"Voltline is a hard-hitting rock and metal act known for crushing guitar riffs, thunderous drumming, and relentless energy. They range from aggressive mid-tempo rock to blistering metal, always operating at the high end of the intensity spectrum."
Paper Lanterns,"Paper Lanterns craft atmospheric dreampop layered with reverb-soaked guitars and plaintive vocals that hover between longing and resignation. Their hazy, mid-energy sound is perfectly suited for overcast afternoons and introspective moods."
Max Pulse,"Max Pulse makes high-octane pop music designed for peak moments — stadium anthems with pulsing synths and aggressive hooks built for workouts and competition. Their tracks demand maximum output and never let the energy drop."
Orbit Bloom,"Orbit Bloom creates vast, minimalist ambient soundscapes that evoke open space and deep stillness. Their music is almost entirely texture and atmosphere, making it ideal for meditation, deep focus work, or winding down completely."
Slow Stereo,"Slow Stereo draws on classic jazz traditions with a modern laid-back sensibility — brushed drums, warm upright bass, and smoky piano arrangements. They move between late-evening relaxation and after-hours moodiness with effortless ease."
Indigo Parade,"Indigo Parade straddles the line between sun-drenched indie pop and neon-lit synthwave, producing music that feels both nostalgic and contemporary. Their songs shift from joyful rooftop anthems to brooding nocturnal drives depending on the track."
Cassius Grey,"Cassius Grey is a lyric-first hip-hop artist who moves between introspective boom bap and late-night trap, always prioritizing atmosphere and wordplay over hype. Their music rewards close listening and pairs well with deep focus or reflective moods."
Sable June,"Sable June makes smooth, unhurried R&B with lush production and a voice that feels like it has nowhere urgent to be. Their music is perfect for golden hour, slow mornings, or any moment that calls for warmth without intensity."
Circuit Breaker,"Circuit Breaker is a high-energy electronic act that operates at the extreme end of intensity across multiple subgenres — from hard techno to drum and bass. Their tracks are built for raves, intense workouts, and any situation that demands relentless forward momentum."
The Ivory Ensemble,"The Ivory Ensemble crafts refined piano and chamber works that range from tranquil Romantic-era pieces to modern neo-classical compositions. Their music is ideal for deep concentration, formal settings, or anyone who finds peace in structured, unhurried sound."
Coral Tide,"Coral Tide brings warm Caribbean rhythms to both laid-back reggae grooves and more animated dancehall beats. Their music carries a consistent sun-soaked optimism that works equally well for mellow afternoons and casual beach gatherings."
Ember Road,"Ember Road writes heartfelt country and alt-country music rooted in storytelling, acoustic guitars, and wide-open spaces. Their sound is warm and unhurried, best suited for winding down, long road trips, or quiet evenings at home."
Marigold Soul,"Marigold Soul channels classic soul traditions with bright, full-bodied arrangements and joyful vocal performances that feel genuinely celebratory. Their music is uplifting without being saccharine — the kind of sound that makes ordinary moments feel special."
The Hollow Pine,"The Hollow Pine crafts gentle acoustic folk songs built on fingerpicked guitar, soft harmonies, and imagery drawn from nature and quiet life. Their music is among the most serene in any collection, best experienced in solitude or with close company."
Delray Cross,"Delray Cross is a blues musician in the classic tradition — slow tempos, expressive guitar, and a voice that carries the weight of lived experience. Their music is intentionally sparse and emotionally heavy, suited for reflective or melancholic moods."
Pale Signal,"Pale Signal builds long-form post-rock compositions that grow slowly from quiet, introspective beginnings into sweeping emotional peaks. Their instrumental tracks are complex enough to engage the mind without demanding attention, making them excellent for focused creative work."
Sol Urbano,"Sol Urbano is a Latin powerhouse that moves between explosive reggaeton and irresistible salsa, always prioritizing rhythm and danceability above all else. Their tracks consistently land at the very top of the energy and danceability scale."
Casa Verde,"Casa Verde plays delicate bossa nova with soft guitar, gentle percussion, and a breathy intimacy that transports listeners to a shaded café in the late afternoon. Their music is sophisticated without being demanding — refined, calm, and quietly joyful."
Ade Rhythm,"Ade Rhythm makes joyful, infectious afrobeats built on rolling percussion, bright melodic hooks, and an irresistible pull toward movement. Their music is among the most danceable in any genre — reliably uplifting and full of communal energy."
Prism Wave,"Prism Wave delivers polished high-energy K-pop with tight vocal arrangements, choreography-ready beats, and an unapologetically bright aesthetic. Their music is designed to be maximally fun, danceable, and impossible to ignore."
Wire Riot,"Wire Riot spans the full emotional range of punk — from furious, fast-tempo anthems of raw intensity to slower, darker post-punk tracks drenched in atmosphere and unease. They bring genuine range to the high-energy space, equally at home in a mosh pit or a dimly lit bar."
Shadow Freq,"Shadow Freq operates in the darker corners of trap and drill, producing bass-heavy tracks with cold, spare production and an oppressive atmosphere. Their music oscillates between brooding moodiness and aggressive intensity, never straying far from the underground."
River Holt,"River Holt makes stripped-back acoustic and indie folk music built on fingerpicked guitar and understated vocals that sit just above a whisper. Their music is among the most grounding in any playlist — calm, unhurried, and deeply rooted."
Velour James,"Velour James blends classic soul warmth with modern neo-soul production — lush chords, languid tempos, and vocals that feel both effortless and deeply felt. Their music is best for lazy afternoons, low-key gatherings, or winding down with style."
Kira Nomad,"Kira Nomad draws on a wide range of global musical traditions to create textured, unhurried world music that feels simultaneously familiar and transporting. Their music is meditative and culturally rich, ideal for reflective or relaxed listening."
The Jubilee Choir,"The Jubilee Choir delivers powerful gospel music rooted in communal joy and spiritual uplift, with rich vocal harmonies and deeply felt performances. Their music is among the most emotionally warm and uplifting in any collection."
Hazel Drift,"Hazel Drift makes warmly produced acoustic pop with gentle fingerpicking, clear vocals, and an intimate quality that feels like a song written just for the listener. Their music sits at the softer end of happy — unhurried, tender, and genuinely cheerful without being overwhelming."
Quantum Leaf,"Quantum Leaf plays mid-tempo jazz fusion that blends improvised harmonic complexity with a forward-moving rhythmic drive, sitting comfortably in the space between engaging and unobtrusive. Their music rewards listeners who want something intellectually stimulating without being distracting."
Null Vector,"Null Vector makes abrasive, high-energy industrial music built on machine-like percussion, distorted synths, and a deeply oppressive atmosphere. Their tracks are for listeners who want their dark moods loud and confrontational — intense, bleak, and uncompromising."
